key,screen,vi,en,lang3,notes
nav_home,Navigation,Trang chủ,Home,,Thanh điều hướng đáy
nav_wardrobe,Navigation,Tủ đồ,Wardrobe,,Thanh điều hướng đáy
nav_outfits,Navigation,Phối đồ,Outfits,,Thanh điều hướng đáy
nav_color_score,Navigation,Chấm điểm màu,Color Score,,Thanh điều hướng đáy
nav_shopping,Navigation,Mua sắm,Shopping,,Thanh điều hướng đáy
btn_save,Common,Lưu,Save,,Nút bấm chung
btn_cancel,Common,Hủy,Cancel,,Nút bấm chung
btn_confirm,Common,Xác nhận,Confirm,,Nút bấm chung
btn_close,Common,Đóng,Close,,Nút bấm chung
btn_delete,Common,Xóa,Delete,,Nút bấm chung
btn_edit,Common,Chỉnh sửa,Edit,,Nút bấm chung
btn_retry,Common,Thử lại,Retry,,Nút bấm khi có lỗi
btn_continue,Common,Tiếp tục,Continue,,Nút bấm tiếp theo
loading,Common,Đang tải...,Loading...,,Trạng thái chờ
search_hint,Common,Tìm kiếm...,Search...,,Placeholder ô tìm kiếm
no_data,Common,Chưa có dữ liệu,No data available,,Khi danh sách trống
welcome_tagline,Auth,Your wardrobe smarter,Your wardrobe smarter,,Khẩu hiệu thương hiệu
welcome_title,Auth,Khám phá phong cách của bạn cùng WEARSY,Discover your personal style with WEARSY,,Tiêu đề màn hình chào
welcome_subtitle,Auth,Quản lý tủ đồ thông minh và phối đồ chuẩn gu với trợ lý AI,Smart wardrobe management and AI-powered fashion styling,,Mô tả màn hình chào
welcome_btn_start,Auth,Bắt đầu ngay,Get Started,,Nút bấm bắt đầu
login_title,Auth,Đăng nhập,Log In,,Tiêu đề trang đăng nhập
login_welcome,Auth,Chào mừng bạn quay trở lại!,Welcome back!,,Lời chào đăng nhập
login_email_label,Auth,Địa chỉ Email,Email Address,,Nhãn ô nhập email
login_email_hint,Auth,Nhập email của bạn,Enter your email,,Gợi ý ô nhập email
login_password_label,Auth,Mật khẩu,Password,,Nhãn ô mật khẩu
login_password_hint,Auth,Nhập mật khẩu của bạn,Enter your password,,Gợi ý ô mật khẩu
login_forgot_password,Auth,Quên mật khẩu?,Forgot Password?,,Liên kết quên mật khẩu
login_btn_submit,Auth,Đăng nhập,Log In,,Nút gửi đăng nhập
login_or_continue_with,Auth,Hoặc tiếp tục với,Or continue with,,Ngăn cách phương thức đăng nhập
login_with_google,Auth,Tiếp tục bằng Google,Continue with Google,,Nút Google OAuth
login_with_facebook,Auth,Tiếp tục bằng Facebook,Continue with Facebook,,Nút Facebook OAuth
login_no_account,Auth,Chưa có tài khoản?,Don't have an account?,,Hỏi tài khoản
login_register_now,Auth,Đăng ký ngay,Register now,,Liên kết sang trang đăng ký
login_success,Auth,Đăng nhập thành công! Chào mừng bạn đến với WEARSY.,Login successful! Welcome to WEARSY.,,Thông báo snackbar khi đăng nhập
login_lockout_1min,Auth,Bạn đã nhập sai 5 lần liên tiếp. Nút đăng nhập tạm khóa trong 1 phút.,You entered incorrect password 5 times. Login is locked for 1 minute.,,Cảnh báo bảo mật khóa tài khoản
login_lockout_5min,Auth,Bạn đã nhập sai 10 lần liên tiếp. Nút đăng nhập tạm khóa trong 5 phút.,You entered incorrect password 10 times. Login is locked for 5 minutes.,,Cảnh báo bảo mật khóa tài khoản
register_title,Auth,Tạo tài khoản,Create Account,,Tiêu đề trang đăng ký
register_subtitle,Auth,Bắt đầu hành trình định hình phong cách cá nhân,Start your fashion journey today,,Mô tả trang đăng ký
register_fullname_label,Auth,Họ và tên,Full Name,,Nhãn họ tên
register_fullname_hint,Auth,Nhập họ tên của bạn,Enter your full name,,Gợi ý họ tên
register_confirm_password_label,Auth,Xác nhận mật khẩu,Confirm Password,,Nhãn xác nhận mật khẩu
register_confirm_password_hint,Auth,Nhập lại mật khẩu,Re-enter your password,,Gợi ý xác nhận mật khẩu
register_terms_agree,Auth,Tôi đồng ý với Điều khoản dịch vụ và Chính sách bảo mật,I agree to the Terms of Service and Privacy Policy,,Hộp kiểm điều khoản
register_btn_submit,Auth,Đăng ký,Sign Up,,Nút gửi đăng ký
register_has_account,Auth,Đã có tài khoản?,Already have an account?,,Hỏi đăng nhập
register_login_now,Auth,Đăng nhập,Log In,,Liên kết sang đăng nhập
register_success,Auth,Đăng ký tài khoản thành công!,Account created successfully!,,Thông báo tạo tài khoản thành công
forgot_password_title,Auth,Quên mật khẩu,Forgot Password,,Tiêu đề quên mật khẩu
forgot_password_desc,Auth,Nhập địa chỉ email để nhận mã khôi phục mật khẩu,Enter your email to receive a recovery code,,Mô tả quên mật khẩu
forgot_password_btn_send,Auth,Gửi mã xác nhận,Send Verification Code,,Nút gửi mã OTP
otp_title,Auth,Xác thực mã OTP,OTP Verification,,Tiêu đề xác thực mã
otp_desc,Auth,Vui lòng nhập mã gồm 6 chữ số đã được gửi tới {email},Please enter the 6-digit code sent to {email},,Giữ nguyên {email}
otp_resend,Auth,Gửi lại mã sau {seconds}s,Resend code in {seconds}s,,Giữ nguyên {seconds}
home_greeting_morning,Home,Chào buổi sáng {userName}! ☀️,Good morning {userName}! ☀️,,Giữ nguyên {userName}
home_greeting_afternoon,Home,Chào buổi chiều {userName}! 🌤️,Good afternoon {userName}! 🌤️,,Giữ nguyên {userName}
home_greeting_evening,Home,Chào buổi tối {userName}! 🌙,Good evening {userName}! 🌙,,Giữ nguyên {userName}
home_weather_title,Home,Thời tiết hôm nay,Today's Weather,,Mục thời tiết
home_weather_temp,Home,{temp}°C {weatherDesc},{temp}°C {weatherDesc},,Giữ nguyên {temp} và {weatherDesc}
home_weather_advice,Home,Thời tiết lý tưởng cho các trang phục nhẹ nhàng thoáng mát.,Ideal weather for light and breezy outfits.,,Gợi ý AI theo thời tiết
home_today_outfit_title,Home,Gợi ý trang phục hôm nay,Today's Outfit Recommendation,,Tiêu đề gợi ý outfit
home_view_all,Home,Xem tất cả,View all,,Nút xem tất cả
home_my_wardrobe_summary,Home,Tổng quan tủ đồ,Wardrobe Overview,,Tiêu đề mục tủ đồ
home_total_items,Home,{count} món đồ,{count} items,,Giữ nguyên {count}
home_recent_outfits,Home,Phong cách gần đây,Recent Styles,,Lịch sử phối đồ
wardrobe_title,Wardrobe,Tủ đồ của tôi,My Wardrobe,,Tiêu đề trang tủ đồ
wardrobe_tab_all,Wardrobe,Tất cả,All,,Bộ lọc danh mục
wardrobe_cat_tops,Wardrobe,Áo,Tops,,Danh mục áo
wardrobe_cat_bottoms,Wardrobe,Quần,Bottoms,,Danh mục quần
wardrobe_cat_dresses,Wardrobe,Váy / Đầm,Dresses,,Danh mục đầm váy
wardrobe_cat_shoes,Wardrobe,Giày dép,Shoes,,Danh mục giày
wardrobe_cat_accessories,Wardrobe,Phụ kiện,Accessories,,Danh mục phụ kiện
wardrobe_cat_bags,Wardrobe,Túi xách,Bags,,Danh mục túi
wardrobe_cat_outerwear,Wardrobe,Áo khoác,Outerwear,,Danh mục áo khoác
wardrobe_empty_msg,Wardrobe,Tủ đồ đang trống. Hãy thêm món đồ đầu tiên của bạn!,Your wardrobe is empty. Add your first item!,,Thông báo khi chưa có đồ
wardrobe_btn_add_item,Wardrobe,Thêm món đồ mới,Add New Item,,Nút thêm trang phục
wardrobe_btn_create_capsule,Wardrobe,Tạo tủ đồ mới,Create Capsule,,Nút tạo tủ đồ con
wardrobe_capsule_name_hint,Wardrobe,Nhập tên tủ đồ...,Enter capsule name...,,Gợi ý đặt tên tủ đồ
wardrobe_delete_capsule_confirm,Wardrobe,Bạn có chắc chắn muốn xóa tủ đồ "{name}" không?,Are you sure you want to delete capsule "{name}"?,,Giữ nguyên {name}
wardrobe_item_detail_title,Wardrobe,Chi tiết trang phục,Item Details,,Tiêu đề xem chi tiết món đồ
wardrobe_item_name,Wardrobe,Tên món đồ,Item Name,,Tên sản phẩm
wardrobe_item_brand,Wardrobe,Thương hiệu,Brand,,Hãng sản xuất
wardrobe_item_category,Wardrobe,Danh mục,Category,,Phân loại
wardrobe_item_color,Wardrobe,Màu sắc,Color,,Màu chủ đạo
wardrobe_item_material,Wardrobe,Chất liệu,Material,,Vải/vật liệu
wardrobe_item_size,Wardrobe,Kích cỡ,Size,,Kích thước S/M/L
wardrobe_item_season,Wardrobe,Mùa phù hợp,Season,,Xuân/Hạ/Thu/Đông
wardrobe_item_occasion,Wardrobe,Dịp mặc,Occasion,,Dịp sử dụng
wardrobe_item_wear_count,Wardrobe,Số lần đã mặc: {count},Times worn: {count},,Giữ nguyên {count}
wardrobe_item_last_worn,Wardrobe,Lần mặc gần nhất: {date},Last worn: {date},,Giữ nguyên {date}
wardrobe_item_delete_confirm,Wardrobe,Bạn có chắc chắn muốn xóa món đồ này khỏi tủ không?,Are you sure you want to delete this item?,,Cảnh báo xóa đồ
wardrobe_add_item_title,Wardrobe,Thêm món đồ,Add Item,,Tiêu đề thêm đồ
wardrobe_add_take_photo,Wardrobe,Chụp ảnh,Take Photo,,Chọn từ camera
wardrobe_add_choose_gallery,Wardrobe,Chọn từ thư viện,Choose from Gallery,,Chọn từ album
wardrobe_ai_analyzing,Wardrobe,AI đang nhận diện chất liệu kiểu dáng và màu sắc...,AI is detecting material style and colors...,,Thông báo AI phân tích ảnh
wardrobe_ai_completed,Wardrobe,Đã nhận diện thành công!,Recognition completed!,,Thông báo thành công
outfit_title,Outfits,Phối đồ & AI Stylist,Outfits & AI Stylist,,Tiêu đề trang phối đồ
outfit_tab_suggested,Outfits,Gợi ý từ AI,AI Suggestions,,Gợi ý tự động
outfit_tab_my_outfits,Outfits,Bộ phối của tôi,My Outfits,,Danh sách đồ đã phối
outfit_tab_mix_match,Outfits,Tự phối đồ,Mix & Match,,Tính năng tự ghép đồ
outfit_btn_create,Outfits,Tạo bộ phối mới,Create New Outfit,,Nút tạo phối đồ
outfit_occasion_work,Outfits,Đi làm,Work,,Dịp công sở
outfit_occasion_casual,Outfits,Đi chơi / Dạo phố,Casual,,Dịp thường ngày
outfit_occasion_party,Outfits,Dự tiệc / Sự kiện,Party & Events,,Dịp lễ tiệc
outfit_occasion_date,Outfits,Hẹn hò,Date Night,,Dịp hẹn hò
outfit_occasion_sport,Outfits,Thể thao,Sport,,Dịp vận động
outfit_score_label,Outfits,Điểm phong cách,Style Score,,Chấm điểm phối đồ
outfit_score_desc,Outfits,{score}/100 - Phối màu và tỷ lệ trang phục rất hài hòa!,{score}/100 - Great color harmony and outfit proportion!,,Giữ nguyên {score}
outfit_save_success,Outfits,Đã lưu bộ phối trang phục thành công!,Outfit saved successfully!,,Thông báo lưu thành công
outfit_share,Outfits,Chia sẻ bộ phối này,Share this outfit,,Nút chia sẻ outfit
color_score_title,ColorScore,Chấm điểm màu sắc,Color Score,,Tiêu đề phân tích màu
color_score_subtitle,ColorScore,Phân tích mức độ ăn ý về màu sắc giữa các món đồ,Analyze color compatibility between outfit items,,Mô tả tính năng
color_score_palette_title,ColorScore,Bảng màu cá nhân,Personal Color Palette,,Bảng màu phù hợp
color_score_contrast,ColorScore,Độ tương phản: {contrastLevel},Contrast: {contrastLevel},,Giữ nguyên {contrastLevel}
color_score_harmony,ColorScore,Mức độ hài hòa: {harmonyLevel},Harmony: {harmonyLevel},,Giữ nguyên {harmonyLevel}
color_score_ai_tip,ColorScore,Lời khuyên từ AI Stylist: {tipText},AI Stylist Tip: {tipText},,Giữ nguyên {tipText}
shopping_title,Shopping,Mua sắm thông minh,Smart Shopping,,Tiêu đề trang mua sắm
shopping_subtitle,Shopping,Món đồ gợi ý bổ sung cho các bộ phối trong tủ của bạn,Items recommended to complete your wardrobe,,Mô tả trang mua sắm
shopping_why_recommend,Shopping,Lý do gợi ý,Why recommended,,Lý do AI đề xuất món này
shopping_why_recommend_desc,Shopping,Kết hợp hoàn hảo với {itemCount} món đồ có sẵn trong tủ của bạn,Pairs perfectly with {itemCount} items in your wardrobe,,Giữ nguyên {itemCount}
shopping_btn_buy_now,Shopping,Mua ngay,Buy Now,,Nút mua
shopping_btn_add_cart,Shopping,Thêm vào giỏ,Add to Cart,,Nút thêm giỏ hàng
shopping_cart_title,Shopping,Giỏ hàng,Shopping Cart,,Tiêu đề giỏ hàng
shopping_cart_empty,Shopping,Giỏ hàng đang trống,Your cart is empty,,Khi chưa có hàng
shopping_total,Shopping,Tổng thanh toán,Total,,Tổng tiền
shopping_btn_checkout,Shopping,Tiến hành đặt hàng,Proceed to Checkout,,Nút đặt hàng
profile_title,Profile,Cá nhân,Profile,,Tiêu đề trang cá nhân
profile_edit,Profile,Chỉnh sửa thông tin,Edit Profile,,Nút sửa hồ sơ
profile_style_preference,Profile,Phong cách yêu thích,Style Preferences,,Sở thích phong cách
settings_title,Profile,Cài đặt,Settings,,Tiêu đề cài đặt
settings_theme,Profile,Giao diện ứng dụng,App Theme,,Đổi màu giao diện
settings_language,Profile,Ngôn ngữ,Language,,Cài đặt ngôn ngữ
settings_language_dialog_title,Profile,Chọn ngôn ngữ,Select Language,,Tiêu đề popup chọn ngôn ngữ
settings_notifications,Profile,Thông báo,Notifications,,Cài đặt nhận tin
settings_security,Profile,Bảo mật & Đổi mật khẩu,Security & Password,,Bảo mật tài khoản
settings_privacy,Profile,Chính sách bảo mật,Privacy Policy,,Chính sách
settings_terms,Profile,Điều khoản dịch vụ,Terms of Service,,Điều khoản
settings_help_support,Profile,Trợ giúp & Phản hồi,Help & Support,,Trung tâm hỗ trợ
settings_about,Profile,Về WEARSY,About WEARSY,,Thông tin ứng dụng
settings_version,Profile,Phiên bản {version},Version {version},,Giữ nguyên {version}
settings_logout,Profile,Đăng xuất,Log Out,,Nút đăng xuất
settings_logout_confirm,Profile,Bạn có chắc chắn muốn đăng xuất khỏi tài khoản không?,Are you sure you want to log out?,,Xác nhận thoát
error_network,Errors,Không có kết nối Internet. Vui lòng kiểm tra lại mạng.,No Internet connection. Please check your network.,,Báo mất mạng
error_server,Errors,Hệ thống đang bận. Vui lòng thử lại sau.,System is busy. Please try again later.,,Báo lỗi máy chủ
error_required_field,Errors,Trường này không được để trống.,This field cannot be empty.,,Lỗi bỏ trống
error_invalid_email,Errors,Địa chỉ email không đúng định dạng.,Invalid email address format.,,Lỗi định dạng email
error_password_too_short,Errors,Mật khẩu phải có ít nhất 6 ký tự.,Password must be at least 6 characters.,,Lỗi mật khẩu ngắn
error_password_not_match,Errors,Mật khẩu xác nhận không khớp.,Password confirmation does not match.,,Lỗi nhập lại mật khẩu sai
